id,first_name,last_name,email,gender,ip_address
1,Brandais,Hayles,bhayles0@symantec.com,Female,140.5.11.2
2,Garry,Collingwood,gcollingwood1@ycombinator.com,Male,41.209.91.41
3,Arlyn,Doog,adoog2@homestead.com,Female,143.125.140.24
4,Terese,Lodford,tlodford3@bloglines.com,Female,63.51.35.127
5,Rod,Humpherson,rhumpherson4@admin.ch,Male,105.132.102.240
6,Desiree,McNish,dmcnish5@bloomberg.com,Female,183.28.222.63
7,Haskell,Kiggel,hkiggel6@wisc.edu,Male,222.226.241.8
8,Priscella,Ounsworth,pounsworth7@fda.gov,Female,237.253.107.243
9,Godfrey,Pee,gpee8@oracle.com,Male,253.112.215.77
10,Lissi,Danilchik,ldanilchik9@skype.com,Female,26.44.168.89
11,Saunderson,Bear,sbeara@ft.com,Male,169.78.128.190
12,Leigh,Bunner,lbunnerb@feedburner.com,Female,104.163.246.71
13,Jessica,Evill,jevillc@miitbeian.gov.cn,Female,31.102.103.70
14,Clotilda,Gutowska,cgutowskad@bing.com,Female,24.18.230.135
15,Shandee,Jerrim,sjerrime@histats.com,Female,130.192.86.175
16,Teriann,Wroath,twroathf@sfgate.com,Female,126.102.254.123
17,Marilee,Queyeiro,mqueyeirog@ifeng.com,Female,218.240.210.185
18,Kalinda,Lawly,klawlyh@oracle.com,Female,30.200.41.167
19,Kerrin,Circuitt,kcircuitti@technorati.com,Female,219.157.227.92
20,Ricky,Bocking,rbockingj@nasa.gov,Female,238.13.15.16
21,West,Maseres,wmaseresk@cyberchimps.com,Male,208.117.71.252
22,Paolina,Dufton,pduftonl@npr.org,Female,45.46.50.3
23,Biron,Jantot,bjantotm@soundcloud.com,Male,87.91.213.190
24,Samaria,Dubber,sdubbern@toplist.cz,Female,229.170.42.195
25,Mirabelle,Metcalfe,mmetcalfeo@purevolume.com,Female,24.199.231.221
26,Forest,Churchyard,fchurchyardp@foxnews.com,Male,190.128.181.171
27,Sig,Huxtable,shuxtableq@furl.net,Male,153.113.252.46
28,Wendye,Brickell,wbrickellr@livejournal.com,Female,12.87.155.213
29,Jaimie,Peregrine,jperegrines@freewebs.com,Male,74.101.205.203
30,Sunny,Gleeson,sgleesont@reference.com,Female,210.189.52.254
31,Matias,Klainman,mklainmanu@latimes.com,Male,234.91.251.34
32,Tracey,Merner,tmernerv@hhs.gov,Female,7.182.225.139
33,Beale,Hucks,bhucksw@answers.com,Male,123.10.117.42
34,Luca,Bartel,lbartelx@mac.com,Male,0.117.72.101
35,Emmalyn,Yakebowitch,eyakebowitchy@ft.com,Female,149.171.233.82
36,Arlan,Gershom,agershomz@senate.gov,Male,102.190.137.213
37,Coretta,Kubu,ckubu10@hc360.com,Female,114.207.170.147
38,Wylma,Geck,wgeck11@tmall.com,Female,204.49.112.60
39,Faun,Northern,fnorthern12@oaic.gov.au,Female,245.90.0.209
40,Claresta,Donke,cdonke13@hostgator.com,Female,11.180.111.229
41,Farah,Mallabar,fmallabar14@salon.com,Female,223.98.31.203
42,Nicolais,Gaskoin,ngaskoin15@uiuc.edu,Male,121.50.231.187
43,Grover,Lamb-shine,glambshine16@ucoz.com,Male,248.184.150.56
44,Richart,Kench,rkench17@vk.com,Male,145.126.126.187
45,Dareen,Pirolini,dpirolini18@admin.ch,Female,191.190.158.115
46,Eward,Hovie,ehovie19@whitehouse.gov,Male,64.168.152.227
47,Katti,Grimston,kgrimston1a@over-blog.com,Female,56.0.55.243
48,Tuesday,Worboys,tworboys1b@berkeley.edu,Female,232.249.123.212
49,Paula,Pitbladdo,ppitbladdo1c@aol.com,Female,80.9.19.66
50,Percy,Deere,pdeere1d@boston.com,Male,19.117.98.65
51,Normie,Dachey,ndachey1e@aol.com,Male,49.246.117.214
52,Zarla,Shelmerdine,zshelmerdine1f@dot.gov,Female,153.75.18.58
53,Chrissie,Hurford,churford1g@symantec.com,Female,117.87.57.25
54,Malina,Crummey,mcrummey1h@go.com,Female,66.189.245.63
55,Marta,Gumn,mgumn1i@artisteer.com,Female,87.105.231.160
56,Livvy,Gerren,lgerren1j@eventbrite.com,Female,67.209.15.51
57,Carley,Bartomeu,cbartomeu1k@google.com,Female,215.79.93.205
58,Benjie,Gregson,bgregson1l@google.pl,Male,12.77.93.169
59,Nilson,Hyde,nhyde1m@hostgator.com,Male,235.1.107.6
60,Nonie,Jansson,njansson1n@newsvine.com,Female,199.27.234.170
61,Myranda,Francescuzzi,mfrancescuzzi1o@amazon.co.uk,Female,31.71.40.228
62,Brew,Gander,bgander1p@google.pl,Male,65.101.47.115
63,Seth,Anderbrugge,sanderbrugge1q@buzzfeed.com,Male,21.19.175.155
64,Mordecai,Osbaldstone,mosbaldstone1r@devhub.com,Male,125.123.1.16
65,Kimberly,Soppeth,ksoppeth1s@free.fr,Female,63.133.34.59
66,Keary,Huckle,khuckle1t@purevolume.com,Male,95.145.202.227
67,Saidee,Benediktovich,sbenediktovich1u@alibaba.com,Female,3.42.98.109
68,Gertruda,Dunrige,gdunrige1v@unblog.fr,Female,122.236.165.37
69,Scarface,Pavlenkov,spavlenkov1w@exblog.jp,Male,57.8.142.68
70,Fitzgerald,Symones,fsymones1x@livejournal.com,Male,35.140.88.203
71,Ivar,Tunaclift,itunaclift1y@blogs.com,Male,146.179.132.60
72,Konrad,Wabey,kwabey1z@privacy.gov.au,Male,40.124.104.213
73,Quillan,Crimmins,qcrimmins20@ycombinator.com,Male,181.57.122.22
74,Rodd,Venmore,rvenmore21@lulu.com,Male,15.44.223.0
75,Libbi,Ruggiero,lruggiero22@mozilla.org,Female,166.45.84.108
76,Bone,Webborn,bwebborn23@pen.io,Male,52.108.6.235
77,Tadeas,Soames,tsoames24@simplemachines.org,Male,21.127.197.75
78,Phylys,Blaine,pblaine25@squidoo.com,Female,194.147.238.252
79,Brandais,Cavalier,bcavalier26@163.com,Female,245.32.127.3
80,Regina,Joburn,rjoburn27@dedecms.com,Female,46.3.13.8
81,Shelton,Corradeschi,scorradeschi28@prweb.com,Male,91.227.3.146
82,Norbie,Fines,nfines29@gmpg.org,Male,204.73.74.175
83,Amalle,Henrichs,ahenrichs2a@pen.io,Female,212.184.87.61
84,Fulton,Josephson,fjosephson2b@ifeng.com,Male,236.83.227.105
85,Garreth,La Croce,glacroce2c@sun.com,Male,26.156.148.89
86,Arman,Bendtsen,abendtsen2d@opera.com,Male,50.22.183.232
87,Rock,Myrkus,rmyrkus2e@hubpages.com,Male,105.102.179.188
88,Tomas,Elsy,telsy2f@tripadvisor.com,Male,185.206.185.103
89,Edik,Blazej,eblazej2g@mapquest.com,Male,245.109.76.129
90,Mandy,Partner,mpartner2h@army.mil,Female,245.196.222.154
91,Katerina,Harrild,kharrild2i@hud.gov,Female,209.152.76.49
92,Lucio,Moynham,lmoynham2j@networkadvertising.org,Male,29.74.193.135
93,Tanya,Parradine,tparradine2k@time.com,Female,248.214.27.12
94,Jacobo,Newark,jnewark2l@1und1.de,Male,222.138.78.49
95,Kristin,McCory,kmccory2m@telegraph.co.uk,Female,79.213.35.61
96,Roby,Clews,rclews2n@sfgate.com,Female,113.46.249.123
97,Carita,Hampson,champson2o@artisteer.com,Female,239.157.207.102
98,Hersh,Fortnam,hfortnam2p@toplist.cz,Male,218.102.95.9
99,Archambault,Nason,anason2q@smugmug.com,Male,156.32.100.77
100,Galen,O'Dyvoie,godyvoie2r@unblog.fr,Male,13.30.22.53
101,Cicely,Dodgshon,cdodgshon2s@npr.org,Female,185.111.46.127
102,Celinda,Hunnam,chunnam2t@cmu.edu,Female,14.208.12.118
103,Druci,Epton,depton2u@freewebs.com,Female,132.184.214.166
104,Esma,Grob,egrob2v@walmart.com,Female,128.229.143.196
105,Ripley,Bayldon,rbayldon2w@indiatimes.com,Male,234.189.111.158
106,Rozanne,O'Fergus,rofergus2x@mtv.com,Female,190.164.200.90
107,Verene,Gammons,vgammons2y@java.com,Female,247.69.79.187
108,Joe,Brotherheed,jbrotherheed2z@bing.com,Male,156.224.175.180
109,Crawford,Folbige,cfolbige30@latimes.com,Male,185.38.193.217
110,Martie,Houndson,mhoundson31@jigsy.com,Male,236.220.20.119
111,Hirsch,McLelland,hmclelland32@amazon.co.uk,Male,88.225.149.233
112,Kevon,Shieber,kshieber33@samsung.com,Male,160.41.249.79
113,Agatha,D'Abbot-Doyle,adabbotdoyle34@1und1.de,Female,122.81.239.142
114,Paulie,Batterbee,pbatterbee35@networksolutions.com,Male,108.61.199.46
115,Deloria,Pullin,dpullin36@sphinn.com,Female,41.210.152.188
116,Marika,Hollyar,mhollyar37@rediff.com,Female,17.149.131.185
117,Friedrick,Lennard,flennard38@github.io,Male,110.115.52.244
118,Clayborn,Bagley,cbagley39@google.com.hk,Male,197.201.150.227
119,Gregory,Dowderswell,gdowderswell3a@tripod.com,Male,108.165.155.65
120,Walden,Baterip,wbaterip3b@wsj.com,Male,172.133.221.32
121,Bren,Aiken,baiken3c@alexa.com,Female,122.78.5.168
122,Kinnie,World,kworld3d@reverbnation.com,Male,28.239.186.216
123,Torre,Igonet,tigonet3e@merriam-webster.com,Male,170.213.6.124
124,Luca,Giovanitti,lgiovanitti3f@desdev.cn,Male,207.109.242.178
125,Mike,Josephs,mjosephs3g@jiathis.com,Male,107.90.203.13
126,Sheela,Oldam,soldam3h@etsy.com,Female,114.174.215.13
127,Auberon,Wethers,awethers3i@t.co,Male,83.88.69.163
128,Galvan,Allingham,gallingham3j@furl.net,Male,106.34.198.69
129,Artemis,Wayvill,awayvill3k@xinhuanet.com,Male,18.10.1.42
130,Sawyere,Bevington,sbevington3l@amazonaws.com,Male,196.104.0.52
131,Raymund,Cowlas,rcowlas3m@miibeian.gov.cn,Male,104.166.48.142
132,Iona,O'Spellissey,iospellissey3n@about.com,Female,154.138.134.95
133,Orlando,Napoleon,onapoleon3o@dmoz.org,Male,199.185.131.209
134,Sunny,Hanlin,shanlin3p@baidu.com,Female,164.115.18.80
135,Micki,Ledbetter,mledbetter3q@google.com,Female,151.52.187.174
136,Barth,Guitt,bguitt3r@princeton.edu,Male,192.83.113.239
137,Francis,Grahamslaw,fgrahamslaw3s@bbc.co.uk,Male,92.145.16.0
138,Jed,Langcaster,jlangcaster3t@ning.com,Male,180.194.138.220
139,Austin,Strawbridge,astrawbridge3u@google.com.au,Female,129.222.253.54
140,Gates,Rois,grois3v@photobucket.com,Female,229.208.48.215
141,Thane,Elsby,telsby3w@goodreads.com,Male,169.137.185.31
142,Christan,Yole,cyole3x@lulu.com,Female,234.251.132.100
143,Geno,Bradd,gbradd3y@hexun.com,Male,45.130.96.154
144,Cori,Attiwill,cattiwill3z@icio.us,Female,132.254.211.237
145,Mervin,Harkes,mharkes40@blogspot.com,Male,237.158.158.175
146,Dennet,Newcomb,dnewcomb41@census.gov,Male,189.59.163.153
147,Bobby,Risborough,brisborough42@businessweek.com,Male,216.178.31.44
148,Anny,Nickels,anickels43@slashdot.org,Female,35.165.39.156
149,Alla,Bottby,abottby44@wix.com,Female,162.149.161.49
150,Krishnah,Applin,kapplin45@goo.ne.jp,Male,123.54.50.164
151,Mariska,Tourle,mtourle46@alibaba.com,Female,194.29.171.80
152,Gabby,Gunthorpe,ggunthorpe47@printfriendly.com,Male,101.204.180.66
153,Ross,Abbison,rabbison48@skype.com,Male,180.32.73.89
154,Brook,Cowland,bcowland49@w3.org,Male,52.149.20.233
155,Siobhan,Sergeant,ssergeant4a@nps.gov,Female,240.185.52.248
156,Angel,MacMenamy,amacmenamy4b@quantcast.com,Male,211.239.174.182
157,Eloise,Ives,eives4c@archive.org,Female,30.74.82.119
158,Claretta,Dugdale,cdugdale4d@unicef.org,Female,107.61.232.76
159,Lanie,Wilce,lwilce4e@privacy.gov.au,Female,20.124.199.64
160,Birgitta,Gethen,bgethen4f@addtoany.com,Female,158.186.58.9
161,Drucie,Lilbourne,dlilbourne4g@usgs.gov,Female,168.174.155.18
162,Siusan,Clifton,sclifton4h@sbwire.com,Female,120.112.98.250
163,Brande,Garden,bgarden4i@earthlink.net,Female,173.65.76.107
164,Nadya,Casley,ncasley4j@ycombinator.com,Female,159.30.223.89
165,Tommy,Oxton,toxton4k@vk.com,Female,186.179.125.173
166,Calida,Spurway,cspurway4l@i2i.jp,Female,164.43.255.96
167,Sarette,Edgell,sedgell4m@drupal.org,Female,191.183.250.211
168,Rebeca,Ferrie,rferrie4n@shop-pro.jp,Female,162.251.179.99
169,Wilburt,Berzin,wberzin4o@yandex.ru,Male,204.187.51.152
170,Douglas,Linskill,dlinskill4p@mtv.com,Male,87.52.106.67
171,Cassy,Georgot,cgeorgot4q@bluehost.com,Female,139.65.100.63
172,Noelle,Grimditch,ngrimditch4r@ihg.com,Female,0.144.142.166
173,Hill,Cawley,hcawley4s@ft.com,Male,249.204.218.113
174,Jolie,Fairhead,jfairhead4t@cmu.edu,Female,0.253.201.142
175,Prue,Saket,psaket4u@stanford.edu,Female,137.122.241.6
176,Dannye,Dumingo,ddumingo4v@photobucket.com,Female,33.221.59.94
177,Charlotta,Larrington,clarrington4w@posterous.com,Female,238.130.189.222
178,Mathilde,Mehmet,mmehmet4x@slate.com,Female,160.100.78.143
179,Bordie,Gothup,bgothup4y@1und1.de,Male,134.184.34.228
180,Anestassia,Dake,adake4z@cdc.gov,Female,4.103.201.25
181,Fletch,Ifill,fifill50@geocities.jp,Male,110.167.115.104
182,Clark,Fuzzey,cfuzzey51@reddit.com,Male,19.185.142.167
183,Cash,Boxhall,cboxhall52@123-reg.co.uk,Male,146.132.249.40
184,Jordon,Rosterne,jrosterne53@google.com.au,Male,18.237.22.160
185,Kit,Elverstone,kelverstone54@freewebs.com,Male,178.188.166.126
186,Tabbitha,Quail,tquail55@deliciousdays.com,Female,57.53.165.91
187,Letisha,Preble,lpreble56@odnoklassniki.ru,Female,112.92.34.236
188,Nadiya,Folkes,nfolkes57@networksolutions.com,Female,209.11.217.131
189,Merla,Pencott,mpencott58@icio.us,Female,117.182.86.176
190,Terri,Bonny,tbonny59@uiuc.edu,Male,0.112.193.104
191,Bernetta,Borel,bborel5a@etsy.com,Female,124.195.71.254
192,Phyllys,Featherstonhalgh,pfeatherstonhalgh5b@blogtalkradio.com,Female,10.225.118.16
193,Susi,Everist,severist5c@domainmarket.com,Female,152.215.244.31
194,Harli,Briat,hbriat5d@dailymotion.com,Female,156.132.197.55
195,Brenn,Ragdale,bragdale5e@about.com,Female,142.125.44.158
196,Shepherd,Furtado,sfurtado5f@apple.com,Male,231.150.176.84
197,Carla,Hearnshaw,chearnshaw5g@ifeng.com,Female,81.94.51.137
198,Jeremiah,Kellogg,jkellogg5h@issuu.com,Male,3.41.97.3
199,Quinn,Pastor,qpastor5i@bluehost.com,Male,33.78.13.72
200,Chelsae,Monument,cmonument5j@huffingtonpost.com,Female,200.159.57.58
201,Kerstin,Swaton,kswaton5k@economist.com,Female,116.15.2.101
202,Selby,Dabling,sdabling5l@ihg.com,Male,114.54.176.95
203,Pavel,Demangeon,pdemangeon5m@discovery.com,Male,154.176.246.66
204,Filia,Griffithe,fgriffithe5n@icq.com,Female,66.184.1.248
205,Mylo,Stark,mstark5o@paginegialle.it,Male,176.16.181.173
206,Jud,Pohling,jpohling5p@naver.com,Male,19.80.95.14
207,Camille,Fitzgerald,cfitzgerald5q@youtube.com,Female,125.84.217.226
208,Susy,Polak,spolak5r@netlog.com,Female,197.149.122.242
209,Ewen,Bolitho,ebolitho5s@sitemeter.com,Male,165.129.219.72
210,Ora,State,ostate5t@spiegel.de,Female,210.95.7.225
211,Maighdiln,Eminson,meminson5u@amazon.co.uk,Female,102.13.106.179
212,Emlen,Ubanks,eubanks5v@scribd.com,Male,93.201.235.51
213,Fred,d' Eye,fdeye5w@gravatar.com,Male,83.130.208.54
214,Harriett,Blazy,hblazy5x@shutterfly.com,Female,220.185.42.251
215,Lemuel,Gorstidge,lgorstidge5y@smugmug.com,Male,143.122.106.239
216,Rosamund,Bembrick,rbembrick5z@addthis.com,Female,167.76.46.128
217,Thornie,Tackett,ttackett60@surveymonkey.com,Male,49.185.167.49
218,Harley,Milborn,hmilborn61@netvibes.com,Male,11.232.22.174
219,Kristine,Lapthorne,klapthorne62@gnu.org,Female,234.113.185.203
220,Kimbra,Toulson,ktoulson63@dedecms.com,Female,230.74.4.178
221,Spenser,Bushrod,sbushrod64@google.co.jp,Male,50.231.156.37
222,Geri,Anscott,ganscott65@amazon.de,Male,3.145.151.218
223,Colet,Attard,cattard66@marriott.com,Male,113.158.203.27
224,Kayne,Temperley,ktemperley67@twitter.com,Male,11.130.79.50
225,Murdoch,Spiers,mspiers68@illinois.edu,Male,55.238.200.14
226,Winston,Southam,wsoutham69@twitter.com,Male,95.25.71.234
227,Flinn,Melding,fmelding6a@narod.ru,Male,149.109.53.186
228,Woodie,Schoffler,wschoffler6b@mail.ru,Male,66.105.55.45
229,Juli,Sturror,jsturror6c@hexun.com,Female,244.109.65.224
230,Pauly,Leguey,pleguey6d@wp.com,Male,6.125.207.70
231,Donia,Lempertz,dlempertz6e@lycos.com,Female,211.53.200.187
232,Hymie,Farrear,hfarrear6f@wix.com,Male,150.134.253.48
233,Shannen,Diggins,sdiggins6g@sciencedirect.com,Female,98.92.234.14
234,Lanie,Fligg,lfligg6h@theglobeandmail.com,Female,136.159.118.41
235,Rainer,Concannon,rconcannon6i@wikispaces.com,Male,50.9.146.55
236,Noella,Braine,nbraine6j@sina.com.cn,Female,63.161.206.91
237,Janos,Klazenga,jklazenga6k@miitbeian.gov.cn,Male,158.145.230.167
238,Vincenz,Servante,vservante6l@globo.com,Male,168.182.27.0
239,Roseanna,Treweela,rtreweela6m@hatena.ne.jp,Female,114.56.4.192
240,Howey,Schade,hschade6n@trellian.com,Male,131.222.241.120
241,Edee,Curee,ecuree6o@marriott.com,Female,218.188.158.173
242,Mathew,Noquet,mnoquet6p@clickbank.net,Male,11.151.221.4
243,Patrice,Nellis,pnellis6q@ucoz.com,Male,187.242.6.195
244,Keith,Leipnik,kleipnik6r@sciencedaily.com,Male,73.216.147.44
245,Homerus,Jeppe,hjeppe6s@fotki.com,Male,186.40.18.205
246,Blondy,Twine,btwine6t@disqus.com,Female,164.221.109.50
247,Herrick,Draaisma,hdraaisma6u@purevolume.com,Male,130.31.155.174
248,Delilah,Klaffs,dklaffs6v@youtu.be,Female,206.202.68.93
249,Guthrie,Murrock,gmurrock6w@canalblog.com,Male,199.80.47.173
250,Tadeas,Whiston,twhiston6x@networksolutions.com,Male,51.8.97.231
251,Welbie,Trude,wtrude6y@blog.com,Male,126.174.169.112
252,Dalis,Attryde,dattryde6z@archive.org,Male,146.190.80.113
253,Babs,Hannaford,bhannaford70@vistaprint.com,Female,191.50.49.121
254,Elvira,Annatt,eannatt71@vinaora.com,Female,83.61.187.5
255,Jori,Blowing,jblowing72@example.com,Female,189.134.131.251
256,Sheffy,Stealey,sstealey73@wikispaces.com,Male,179.116.175.147
257,Marcie,Grinston,mgrinston74@usa.gov,Female,53.147.26.6
258,Tait,Cicchetto,tcicchetto75@who.int,Male,89.11.55.100
259,Merwin,Boarleyson,mboarleyson76@uol.com.br,Male,102.53.9.169
260,Kirk,Broschke,kbroschke77@dedecms.com,Male,60.25.75.26
261,Daron,Pepperell,dpepperell78@google.it,Male,4.107.219.214
262,Joyann,Dunkley,jdunkley79@imgur.com,Female,96.109.220.193
263,Rubia,Imison,rimison7a@blogs.com,Female,254.144.143.63
264,Cecil,Prattin,cprattin7b@hostgator.com,Female,102.254.46.10
265,Elvyn,Klimmek,eklimmek7c@dot.gov,Male,128.173.250.88
266,Doretta,Nieass,dnieass7d@indiegogo.com,Female,45.224.143.86
267,Philippine,Kitcat,pkitcat7e@google.ru,Female,240.92.152.155
268,Stanislas,Sabathier,ssabathier7f@g.co,Male,236.29.190.169
269,Stephannie,Haythornthwaite,shaythornthwaite7g@istockphoto.com,Female,99.210.180.112
270,Tasha,Joskowicz,tjoskowicz7h@youku.com,Female,45.56.68.249
271,Chalmers,Edmonds,cedmonds7i@t-online.de,Male,74.132.128.171
272,Pierre,Berkeley,pberkeley7j@mail.ru,Male,199.177.6.48
273,Marylynne,Chessum,mchessum7k@a8.net,Female,242.83.145.174
274,Vin,Skitch,vskitch7l@tripadvisor.com,Male,119.14.48.74
275,Murdock,Bernardt,mbernardt7m@usgs.gov,Male,235.29.197.70
276,Rene,Maddick,rmaddick7n@topsy.com,Male,203.147.32.207
277,Bourke,Dupoy,bdupoy7o@paginegialle.it,Male,186.9.129.58
278,Gaspar,Demageard,gdemageard7p@elegantthemes.com,Male,23.205.138.121
279,Dare,Riehm,driehm7q@craigslist.org,Male,230.36.84.140
280,Travers,Hegel,thegel7r@cbsnews.com,Male,155.140.212.96
281,Jasmine,Henriet,jhenriet7s@posterous.com,Female,19.180.250.125
282,Christiane,Rostron,crostron7t@wufoo.com,Female,113.146.208.36
283,Evan,Terran,eterran7u@plala.or.jp,Male,206.131.219.121
284,Dionne,Fulk,dfulk7v@ehow.com,Female,184.9.0.238
285,Seumas,Shaughnessy,sshaughnessy7w@tamu.edu,Male,156.32.17.62
286,Moore,Vondrak,mvondrak7x@nytimes.com,Male,145.87.150.213
287,Weylin,Liebrecht,wliebrecht7y@sbwire.com,Male,212.86.12.177
288,Durand,Gorsse,dgorsse7z@forbes.com,Male,48.44.226.180
289,Ursulina,Graysmark,ugraysmark80@house.gov,Female,146.70.105.113
290,Bax,Pinnell,bpinnell81@guardian.co.uk,Male,91.96.234.128
291,Kippy,Bascomb,kbascomb82@uiuc.edu,Female,98.95.236.210
292,Druci,Vampouille,dvampouille83@clickbank.net,Female,248.181.208.13
293,Kirsti,Pischoff,kpischoff84@jiathis.com,Female,76.110.82.103
294,Dexter,Poynzer,dpoynzer85@yahoo.co.jp,Male,7.229.127.121
295,Gabi,Kopfer,gkopfer86@economist.com,Male,166.61.236.224
296,Raynard,De Michele,rdemichele87@disqus.com,Male,200.20.155.102
297,Aldric,McTear,amctear88@dropbox.com,Male,181.128.126.53
298,Farris,Stanyard,fstanyard89@parallels.com,Male,82.132.75.3
299,Eric,Clutterham,eclutterham8a@shareasale.com,Male,178.51.7.76
300,Isa,Ranscombe,iranscombe8b@odnoklassniki.ru,Male,214.205.150.46
301,Regan,Ledes,rledes8c@scribd.com,Female,32.24.124.139
302,Nedda,Winterbotham,nwinterbotham8d@mtv.com,Female,104.220.101.212
303,Sapphira,Skaife,sskaife8e@illinois.edu,Female,201.163.139.53
304,Darcy,Gateshill,dgateshill8f@addthis.com,Female,182.161.195.7
305,Wayne,Ferrier,wferrier8g@meetup.com,Male,180.75.212.142
306,Brand,Whatley,bwhatley8h@elpais.com,Male,243.13.62.63
307,Raimondo,Glencros,rglencros8i@wisc.edu,Male,129.78.135.181
308,Davin,Guest,dguest8j@desdev.cn,Male,37.89.235.129
309,Joseito,Clemenza,jclemenza8k@barnesandnoble.com,Male,176.182.206.249
310,Cherey,Blaine,cblaine8l@w3.org,Female,74.254.70.228
311,Daveen,Maleham,dmaleham8m@nsw.gov.au,Female,98.180.21.248
312,Cirstoforo,Daglish,cdaglish8n@sina.com.cn,Male,14.167.182.173
313,Curtis,Axell,caxell8o@illinois.edu,Male,7.154.47.148
314,Lydie,Corner,lcorner8p@issuu.com,Female,197.167.25.95
315,Kenn,Di Maria,kdimaria8q@soup.io,Male,159.27.215.242
316,Isadora,Lavielle,ilavielle8r@oracle.com,Female,94.103.16.49
317,Lanny,Hamprecht,lhamprecht8s@cornell.edu,Female,234.23.239.14
318,Marja,Rothon,mrothon8t@cnn.com,Female,220.231.229.107
319,Corney,Sacaze,csacaze8u@lycos.com,Male,156.129.22.7
320,Ban,Gleadhall,bgleadhall8v@wired.com,Male,166.127.183.24
321,Locke,Slaght,lslaght8w@utexas.edu,Male,110.119.129.206
322,Correna,Smeeth,csmeeth8x@netscape.com,Female,137.176.245.62
323,Gavra,McCumskay,gmccumskay8y@tuttocitta.it,Female,138.189.186.43
324,Laryssa,Orrock,lorrock8z@infoseek.co.jp,Female,64.151.28.52
325,Bessy,Kelly,bkelly90@cpanel.net,Female,19.196.72.9
326,Dulcie,Trippick,dtrippick91@e-recht24.de,Female,103.172.56.68
327,Missy,Lincoln,mlincoln92@biglobe.ne.jp,Female,172.12.219.246
328,Catharina,Beckles,cbeckles93@scientificamerican.com,Female,97.63.251.59
329,Kalil,Mably,kmably94@icq.com,Male,7.189.127.90
330,Averyl,Biasotti,abiasotti95@icq.com,Female,200.217.24.211
331,Winn,Newark,wnewark96@cmu.edu,Male,118.157.228.145
332,Vernor,Barracks,vbarracks97@free.fr,Male,239.75.134.250
333,Robin,Jonin,rjonin98@boston.com,Male,105.182.249.190
334,Fee,Capehorn,fcapehorn99@google.com.hk,Male,249.73.120.255
335,Catrina,Dearness,cdearness9a@digg.com,Female,145.180.141.52
336,Ellary,Ritter,eritter9b@hhs.gov,Male,251.190.131.193
337,Rustin,Pisculli,rpisculli9c@hp.com,Male,50.229.162.7
338,Ynes,Dalston,ydalston9d@homestead.com,Female,186.36.125.119
339,Gilligan,Shovel,gshovel9e@marriott.com,Female,140.203.127.130
340,Rhiamon,Brockett,rbrockett9f@google.co.jp,Female,146.8.114.125
341,Kimmi,Hodcroft,khodcroft9g@amazon.co.uk,Female,237.239.118.83
342,Daniel,Twelve,dtwelve9h@senate.gov,Male,239.172.99.7
343,Luce,Gerholz,lgerholz9i@techcrunch.com,Male,202.165.177.250
344,Felipa,Maps,fmaps9j@time.com,Female,114.128.109.67
345,Patricio,Buckler,pbuckler9k@google.es,Male,196.18.37.214
346,Stevy,Jachtym,sjachtym9l@google.cn,Male,213.86.101.71
347,Lexy,Scorey,lscorey9m@nbcnews.com,Female,92.11.49.32
348,Tommie,Arminger,tarminger9n@parallels.com,Male,103.195.134.95
349,Beitris,Petrolli,bpetrolli9o@independent.co.uk,Female,245.211.108.87
350,Evaleen,Cripps,ecripps9p@pagesperso-orange.fr,Female,187.191.227.190
351,Inglis,Frankcomb,ifrankcomb9q@w3.org,Male,66.197.191.47
352,Abigale,Detheridge,adetheridge9r@wunderground.com,Female,210.198.61.97
353,Winny,Bedham,wbedham9s@apple.com,Male,225.77.197.241
354,Gwenette,Fleckness,gfleckness9t@so-net.ne.jp,Female,33.150.54.113
355,Nariko,Percy,npercy9u@nih.gov,Female,54.169.193.80
356,Sabrina,Wyd,swyd9v@ovh.net,Female,229.170.11.248
357,Dimitry,Bowness,dbowness9w@howstuffworks.com,Male,253.90.60.86
358,Karim,Pirnie,kpirnie9x@sciencedaily.com,Male,171.91.208.196
359,Bren,Barus,bbarus9y@deviantart.com,Female,166.79.132.102
360,Rosetta,Woodard,rwoodard9z@fastcompany.com,Female,142.208.179.234
361,De witt,Davidovich,ddavidovicha0@narod.ru,Male,11.231.211.193
362,Teador,Northcott,tnorthcotta1@4shared.com,Male,121.152.234.217
363,Ambrosio,Grog,agroga2@wix.com,Male,166.231.224.138
364,Robbert,Pooly,rpoolya3@reference.com,Male,73.186.159.169
365,Jeane,Reinhardt,jreinhardta4@harvard.edu,Female,186.98.89.245
366,Eduard,Ganning,eganninga5@java.com,Male,237.34.217.26
367,Griselda,Mullins,gmullinsa6@ftc.gov,Female,121.224.12.188
368,Bert,Huckell,bhuckella7@walmart.com,Male,94.157.176.73
369,Laurel,Prescot,lprescota8@wikispaces.com,Female,56.74.23.74
370,Nettle,Kilgrove,nkilgrovea9@bluehost.com,Female,86.227.219.139
371,Carmon,Ewings,cewingsaa@bizjournals.com,Female,203.26.227.199
372,Elroy,Wimpress,ewimpressab@engadget.com,Male,108.8.169.100
373,Brita,Bold,bboldac@youtu.be,Female,124.61.154.224
374,Tish,Gilcrist,tgilcristad@nba.com,Female,63.120.220.248
375,Mahmud,Tschursch,mtschurschae@netscape.com,Male,92.158.191.153
376,Tish,Van Eeden,tvaneedenaf@163.com,Female,229.147.113.228
377,Elnora,Huikerby,ehuikerbyag@google.co.uk,Female,53.187.62.33
378,Aubree,Bendelow,abendelowah@edublogs.org,Female,22.72.46.220
379,Kristos,Dinnies,kdinniesai@yelp.com,Male,169.68.152.243
380,Valle,Barrett,vbarrettaj@engadget.com,Male,89.71.95.0
381,Joline,Aldiss,jaldissak@last.fm,Female,117.215.111.84
382,Arabelle,Cressingham,acressinghamal@wunderground.com,Female,106.107.216.107
383,Ward,Nazaret,wnazaretam@list-manage.com,Male,240.23.60.155
384,Kaycee,O'Donnelly,kodonnellyan@economist.com,Female,134.9.90.63
385,Lorin,Swindle,lswindleao@dailymotion.com,Male,22.63.209.95
386,Halli,Portt,hporttap@telegraph.co.uk,Female,23.71.62.208
387,Norbie,Guillet,nguilletaq@vistaprint.com,Male,252.125.216.153
388,Cyril,Eadmead,ceadmeadar@4shared.com,Male,66.138.226.10
389,Wheeler,Red,wredas@mapy.cz,Male,156.104.126.95
390,Boonie,Goosnell,bgoosnellat@earthlink.net,Male,89.192.177.160
391,Winston,Corr,wcorrau@senate.gov,Male,138.20.20.158
392,Barn,Checcuzzi,bcheccuzziav@usa.gov,Male,29.36.72.76
393,Dorey,Gaythorpe,dgaythorpeaw@ft.com,Female,168.171.230.6
394,Irene,De Metz,idemetzax@ca.gov,Female,219.117.6.56
395,Rosene,Micheli,rmicheliay@nbcnews.com,Female,36.251.93.120
396,Archibaldo,Kohter,akohteraz@hp.com,Male,150.128.146.45
397,Mariana,Harradence,mharradenceb0@imgur.com,Female,174.25.60.216
398,Winn,Eaton,weatonb1@naver.com,Male,121.188.200.30
399,Dag,Rutherforth,drutherforthb2@google.it,Male,65.33.66.33
400,Neysa,Poulsen,npoulsenb3@netvibes.com,Female,141.99.115.175
401,Lissi,Gilligan,lgilliganb4@alexa.com,Female,241.147.190.251
402,Nickolai,Paullin,npaullinb5@techcrunch.com,Male,41.196.117.220
403,Jilli,Astles,jastlesb6@angelfire.com,Female,247.15.186.206
404,Jaymie,Jervis,jjervisb7@answers.com,Male,145.88.74.170
405,Marta,Lightning,mlightningb8@army.mil,Female,198.142.30.117
406,Maribelle,Rollingson,mrollingsonb9@dion.ne.jp,Female,223.121.128.12
407,Frants,Kington,fkingtonba@histats.com,Male,179.75.145.137
408,Rodge,Goss,rgossbb@xing.com,Male,236.194.11.172
409,Mordecai,Diter,mditerbc@ted.com,Male,4.73.196.40
410,Ethelind,Chess,echessbd@cafepress.com,Female,13.141.160.24
411,Nanice,Twitty,ntwittybe@marketwatch.com,Female,193.236.190.216
412,Claretta,Salvage,csalvagebf@google.ru,Female,113.84.239.41
413,Darby,Sutty,dsuttybg@zimbio.com,Female,177.172.9.97
414,Lucas,Darrigrand,ldarrigrandbh@loc.gov,Male,215.184.40.3
415,Guillema,MacCarrane,gmaccarranebi@fda.gov,Female,231.188.138.176
416,Kathie,Thonger,kthongerbj@cargocollective.com,Female,241.69.68.162
417,Ezra,Ratt,erattbk@arstechnica.com,Male,251.236.63.22
418,Batsheva,Eastwell,beastwellbl@craigslist.org,Female,204.214.20.61
419,Anestassia,Harrie,aharriebm@e-recht24.de,Female,238.242.17.229
420,Gabriel,Diben,gdibenbn@paginegialle.it,Female,13.122.45.73
421,Flori,Titcomb,ftitcombbo@blogs.com,Female,56.92.248.83
422,Miller,Fincken,mfinckenbp@51.la,Male,55.227.26.80
423,Kip,Peerman,kpeermanbq@mapy.cz,Female,15.141.236.232
424,Anneliese,Willimott,awillimottbr@twitpic.com,Female,69.130.56.122
425,Austen,Nagle,anaglebs@yandex.ru,Male,143.49.97.134
426,Archibald,Glantz,aglantzbt@edublogs.org,Male,180.182.78.162
427,Jesse,Glazzard,jglazzardbu@va.gov,Female,10.10.25.128
428,Peggie,Gheraldi,pgheraldibv@technorati.com,Female,55.168.210.233
429,Sherwynd,Speaks,sspeaksbw@fastcompany.com,Male,92.142.180.108
430,Rena,Gyrgorcewicx,rgyrgorcewicxbx@scribd.com,Female,218.34.49.20
431,Vitoria,Walrond,vwalrondby@sakura.ne.jp,Female,127.86.149.179
432,Elvis,McPaike,emcpaikebz@topsy.com,Male,50.62.69.241
433,Langsdon,Foxworthy,lfoxworthyc0@live.com,Male,207.171.159.154
434,Leoline,Durdan,ldurdanc1@delicious.com,Female,39.223.204.238
435,Elsi,Liddicoat,eliddicoatc2@t-online.de,Female,196.87.99.166
436,Cherianne,Stolli,cstollic3@delicious.com,Female,134.65.129.192
437,Adele,Disney,adisneyc4@cam.ac.uk,Female,83.224.227.136
438,Ray,Bourtoumieux,rbourtoumieuxc5@rakuten.co.jp,Female,5.81.51.165
439,Teador,Cowpe,tcowpec6@storify.com,Male,222.181.139.147
440,Perle,Vittel,pvittelc7@icq.com,Female,0.124.29.130
441,Damon,Renny,drennyc8@ezinearticles.com,Male,195.88.218.200
442,Robinetta,Rowbottom,rrowbottomc9@ucsd.edu,Female,211.80.56.189
443,Demetre,Raisher,draisherca@sina.com.cn,Male,181.121.224.155
444,Portia,Want,pwantcb@clickbank.net,Female,71.58.81.191
445,Corinna,Kinsett,ckinsettcc@mayoclinic.com,Female,87.57.252.41
446,Bree,Spridgen,bspridgencd@e-recht24.de,Female,14.28.198.104
447,Brew,Cregin,bcregince@aboutads.info,Male,246.252.95.80
448,Isak,Light,ilightcf@reuters.com,Male,26.42.71.57
449,Camella,Margaret,cmargaretcg@whitehouse.gov,Female,232.105.82.99
450,Deena,Earengey,dearengeych@instagram.com,Female,240.32.42.55
451,Sherry,Leader,sleaderci@craigslist.org,Female,152.255.204.86
452,Kelbee,Tindley,ktindleycj@hatena.ne.jp,Male,158.60.225.4
453,Sorcha,Goathrop,sgoathropck@blogspot.com,Female,112.205.190.222
454,Shaun,Daughtry,sdaughtrycl@ed.gov,Male,121.55.39.5
455,Liv,Le Pruvost,llepruvostcm@nifty.com,Female,204.124.70.57
456,Brook,Pocknoll,bpocknollcn@huffingtonpost.com,Male,101.213.54.55
457,Newton,Viney,nvineyco@360.cn,Male,38.120.234.91
458,Thoma,Bayford,tbayfordcp@mashable.com,Male,133.42.224.73
459,Tadeo,Comins,tcominscq@europa.eu,Male,29.139.62.95
460,Noam,Ochterlonie,nochterloniecr@elegantthemes.com,Male,102.133.172.46
461,Enrichetta,Crossfeld,ecrossfeldcs@live.com,Female,208.69.141.141
462,Marlene,Origin,moriginct@prnewswire.com,Female,51.37.104.5
463,Madge,Vedeshkin,mvedeshkincu@thetimes.co.uk,Female,220.127.105.57
464,Burk,Southern,bsoutherncv@google.nl,Male,200.96.217.180
465,Vin,Soreau,vsoreaucw@gizmodo.com,Female,24.155.91.216
466,Jody,Skocroft,jskocroftcx@irs.gov,Female,111.252.172.176
467,Stanly,Benford,sbenfordcy@networksolutions.com,Male,240.61.232.131
468,Troy,Piercey,tpierceycz@nasa.gov,Male,147.170.248.213
469,Ileana,De Laci,idelacid0@webmd.com,Female,54.241.82.101
470,Ted,Appleby,tapplebyd1@chron.com,Male,29.244.216.254
471,Cart,Bruniges,cbrunigesd2@indiegogo.com,Male,180.21.157.95
472,Ernesto,Petriello,epetriellod3@friendfeed.com,Male,88.151.173.2
473,Hanan,Leaming,hleamingd4@bloglovin.com,Male,123.60.210.4
474,Camila,Eglese,ceglesed5@bloglines.com,Female,224.117.60.163
475,Adair,Wimp,awimpd6@wunderground.com,Male,189.248.126.175
476,Kacey,Barday,kbardayd7@chron.com,Female,47.72.162.183
477,Fan,Scotchmur,fscotchmurd8@gnu.org,Female,29.118.168.18
478,Ulysses,Montier,umontierd9@spiegel.de,Male,40.10.32.70
479,Jannel,Beevens,jbeevensda@slideshare.net,Female,205.24.24.3
480,Charin,Yendall,cyendalldb@google.ru,Female,53.224.159.135
481,Minny,Williamson,mwilliamsondc@behance.net,Female,130.32.189.174
482,Rubetta,Stapforth,rstapforthdd@tumblr.com,Female,192.1.164.217
483,Jessa,Fendlen,jfendlende@photobucket.com,Female,141.224.196.83
484,Zandra,Jimmes,zjimmesdf@oaic.gov.au,Female,186.153.187.14
485,Chelsey,Castri,ccastridg@newyorker.com,Female,251.30.246.164
486,Demetri,Middup,dmiddupdh@clickbank.net,Male,105.140.218.130
487,Justin,Cottesford,jcottesforddi@illinois.edu,Male,128.252.69.202
488,Grazia,Denisyuk,gdenisyukdj@diigo.com,Female,13.18.107.147
489,Bibby,Tollow,btollowdk@hugedomains.com,Female,159.113.54.153
490,Roth,Dougherty,rdoughertydl@marketwatch.com,Male,222.14.98.207
491,Winston,Staneland,wstanelanddm@jigsy.com,Male,206.120.143.23
492,Zsa zsa,Clulee,zcluleedn@tiny.cc,Female,105.155.203.227
493,Catie,Steptoe,csteptoedo@barnesandnoble.com,Female,231.208.28.1
494,Giselbert,Gummie,ggummiedp@shareasale.com,Male,77.116.147.215
495,Alice,Bennis,abennisdq@epa.gov,Female,91.75.191.158
496,Caddric,Geeritz,cgeeritzdr@ed.gov,Male,94.80.77.227
497,Aliza,Leitche,aleitcheds@imgur.com,Female,18.198.2.236
498,Paolina,Crownshaw,pcrownshawdt@nyu.edu,Female,205.63.200.18
499,Darrell,Poschel,dposcheldu@slideshare.net,Male,199.212.208.252
500,Seka,O'Canavan,socanavandv@mashable.com,Female,53.184.94.148
501,Morganne,Rottcher,mrottcherdw@github.com,Female,203.63.188.231
502,Waiter,Larter,wlarterdx@businesswire.com,Male,210.82.213.57
503,Serge,Bosche,sboschedy@moonfruit.com,Male,252.77.221.236
504,Vanya,Alti,valtidz@ovh.net,Female,75.230.241.126
505,Kass,Benedite,kbeneditee0@soup.io,Female,118.160.189.197
506,Farrah,McMechan,fmcmechane1@taobao.com,Female,80.58.121.209
507,Kandy,Mellon,kmellone2@cornell.edu,Female,134.229.111.119
508,Harlen,Baskerfield,hbaskerfielde3@yolasite.com,Male,102.250.137.117
509,Michell,Stebbings,mstebbingse4@thetimes.co.uk,Female,181.30.76.221
510,Alexei,Kloska,akloskae5@google.ru,Male,4.13.102.56
511,Kelcey,Cicchelli,kcicchellie6@stanford.edu,Female,99.26.43.27
512,Eolande,Hardin,ehardine7@spiegel.de,Female,214.175.102.15
513,Tades,Toomer,ttoomere8@scientificamerican.com,Male,24.144.197.137
514,Maryl,Drakers,mdrakerse9@jimdo.com,Female,211.144.233.71
515,Stearne,Vasyunkin,svasyunkinea@google.ru,Male,60.129.231.9
516,Ogdan,Gagan,ogaganeb@newsvine.com,Male,234.9.10.221
517,Hieronymus,Clowton,hclowtonec@ucsd.edu,Male,34.255.129.2
518,Jobi,Bradnam,jbradnamed@uiuc.edu,Female,36.41.134.167
519,Jack,Eckh,jeckhee@miibeian.gov.cn,Male,102.112.80.89
520,Brigham,Iredale,biredaleef@posterous.com,Male,211.77.20.129
521,Marijo,Pantridge,mpantridgeeg@geocities.jp,Female,203.108.37.103
522,Elizabet,Wessel,ewesseleh@bluehost.com,Female,151.59.217.121
523,Lissie,Coon,lcoonei@oaic.gov.au,Female,188.40.35.75
524,Alexine,Fowlds,afowldsej@about.me,Female,222.30.22.116
525,Terrill,Matthews,tmatthewsek@gnu.org,Male,127.206.41.195
526,Janice,Rosbotham,jrosbothamel@photobucket.com,Female,27.58.169.92
527,Tybalt,Shayes,tshayesem@reference.com,Male,134.198.126.81
528,Alexei,Tailour,atailouren@imdb.com,Male,65.18.190.46
529,Arman,Wildish,awildisheo@walmart.com,Male,89.70.142.185
530,Libby,Phelps,lphelpsep@tamu.edu,Female,139.162.57.255
531,Justinn,Jaffa,jjaffaeq@woothemes.com,Female,74.76.129.168
532,Bekki,Otley,botleyer@miibeian.gov.cn,Female,83.139.54.229
533,Colly,Ekins,cekinses@comcast.net,Female,119.242.5.191
534,Kare,Enoksson,kenokssonet@mlb.com,Female,247.154.194.229
535,Annecorinne,Bonallack,abonallackeu@tripadvisor.com,Female,169.100.84.18
536,Carny,Ciccetti,cciccettiev@wikipedia.org,Male,236.9.22.159
537,Rochelle,Kirkby,rkirkbyew@npr.org,Female,11.117.8.205
538,Ernst,Landrean,elandreanex@ezinearticles.com,Male,213.79.110.6
539,Stephan,MacShirie,smacshirieey@delicious.com,Male,46.136.115.218
540,Kristofer,McMearty,kmcmeartyez@imageshack.us,Male,62.80.177.100
541,Jule,St Clair,jstclairf0@admin.ch,Male,91.61.231.50
542,Ardeen,Swetmore,aswetmoref1@sogou.com,Female,242.120.31.67
543,Antonino,Dury,aduryf2@purevolume.com,Male,126.215.221.10
544,Marlie,Jannasch,mjannaschf3@google.com,Female,160.120.38.204
545,Emmaline,Gerlack,egerlackf4@shutterfly.com,Female,37.90.109.83
546,Mufinella,Neeves,mneevesf5@bloglovin.com,Female,213.92.212.143
547,Carlyle,Radsdale,cradsdalef6@un.org,Male,232.42.133.157
548,Cassie,Puddefoot,cpuddefootf7@cdbaby.com,Male,181.49.36.199
549,Hubert,Duddle,hduddlef8@wikimedia.org,Male,200.156.164.233
550,Alwin,Lorraine,alorrainef9@ow.ly,Male,32.158.235.13
551,Lee,Escoffrey,lescoffreyfa@wiley.com,Male,80.42.243.111
552,Rozelle,Reede,rreedefb@adobe.com,Female,86.169.216.23
553,Alanna,Luton,alutonfc@stumbleupon.com,Female,205.149.229.27
554,Elvis,Iddiens,eiddiensfd@unicef.org,Male,201.225.66.116
555,Raeann,Please,rpleasefe@plala.or.jp,Female,88.168.125.11
556,Kathi,Malthouse,kmalthouseff@bing.com,Female,167.96.8.255
557,Perri,Stiggers,pstiggersfg@princeton.edu,Female,99.128.155.248
558,Leeanne,Bourdis,lbourdisfh@cargocollective.com,Female,9.160.179.68
559,Alvis,Weeks,aweeksfi@feedburner.com,Male,207.163.109.116
560,Nathanael,Strahan,nstrahanfj@themeforest.net,Male,74.172.212.74
561,Yoshiko,Duetschens,yduetschensfk@alexa.com,Female,157.61.215.98
562,Liv,Pickerill,lpickerillfl@wiley.com,Female,129.195.249.135
563,Mella,Lettley,mlettleyfm@themeforest.net,Female,242.239.59.165
564,Jehu,Peatheyjohns,jpeatheyjohnsfn@chronoengine.com,Male,59.2.192.34
565,Pier,von Nassau,pvonnassaufo@webs.com,Female,9.20.192.62
566,Ellery,Kerwood,ekerwoodfp@opensource.org,Male,15.131.78.226
567,Say,Limrick,slimrickfq@examiner.com,Male,127.228.7.71
568,Allene,Parnaby,aparnabyfr@tmall.com,Female,23.155.47.131
569,Cos,Plumridege,cplumridegefs@freewebs.com,Male,71.174.213.58
570,Sybilla,Phelip,sphelipft@nasa.gov,Female,84.234.207.177
571,Hughie,Gabbotts,hgabbottsfu@youtube.com,Male,234.239.78.31
572,Rolfe,Attwool,rattwoolfv@statcounter.com,Male,177.174.25.158
573,Orren,Worsom,oworsomfw@purevolume.com,Male,190.221.184.142
574,Josy,Tonn,jtonnfx@weibo.com,Female,46.248.30.118
575,Nicola,Liley,nlileyfy@ca.gov,Male,209.151.2.38
576,Bernie,Ebunoluwa,bebunoluwafz@de.vu,Female,220.1.127.147
577,Elwyn,Longcake,elongcakeg0@yelp.com,Male,191.179.154.230
578,Brander,Gaffey,bgaffeyg1@yandex.ru,Male,126.102.237.122
579,Alis,Crunkhurn,acrunkhurng2@google.com.au,Female,111.162.91.127
580,Kenneth,Whitlaw,kwhitlawg3@hubpages.com,Male,196.12.134.152
581,Laurie,Bramstom,lbramstomg4@pcworld.com,Female,101.197.5.254
582,Torrie,Lawrenson,tlawrensong5@canalblog.com,Female,55.131.116.231
583,Westbrook,Trinke,wtrinkeg6@purevolume.com,Male,63.112.35.235
584,Benn,Gration,bgrationg7@cnbc.com,Male,150.145.165.117
585,Aloin,Gosnold,agosnoldg8@multiply.com,Male,185.132.214.255
586,Isidro,Mountain,imountaing9@usnews.com,Male,160.97.128.177
587,Celesta,Campbell-Dunlop,ccampbelldunlopga@fastcompany.com,Female,244.55.120.70
588,Wendi,Rosebotham,wrosebothamgb@fc2.com,Female,242.225.104.224
589,Ingamar,Gilffilland,igilffillandgc@webmd.com,Male,66.57.182.240
590,Viv,Drennan,vdrennangd@trellian.com,Female,122.122.47.238
591,Chet,De Beauchemp,cdebeauchempge@ning.com,Male,169.46.19.2
592,Leonora,Reimers,lreimersgf@about.me,Female,0.244.243.29
593,Alexina,Goodluck,agoodluckgg@topsy.com,Female,75.161.28.29
594,Les,Spradbrow,lspradbrowgh@bizjournals.com,Male,132.181.200.230
595,Heywood,Thorn,hthorngi@usatoday.com,Male,43.9.161.50
596,Bale,Mitchelhill,bmitchelhillgj@flavors.me,Male,192.33.100.95
597,Charlean,Giraux,cgirauxgk@springer.com,Female,56.121.89.152
598,Allyson,Harden,ahardengl@t.co,Female,249.108.208.50
599,Jamesy,Lipscombe,jlipscombegm@elpais.com,Male,89.204.11.57
600,Karel,Bloxholm,kbloxholmgn@uiuc.edu,Female,254.111.149.247
601,Briney,Goodge,bgoodgego@bloglines.com,Female,225.164.104.189
602,Nap,Garrad,ngarradgp@chicagotribune.com,Male,227.179.72.221
603,Arlyne,Pinckney,apinckneygq@e-recht24.de,Female,141.105.122.245
604,Tierney,Sail,tsailgr@blogger.com,Female,191.152.128.82
605,Washington,Jacklings,wjacklingsgs@mtv.com,Male,29.123.129.131
606,Barri,Wartonby,bwartonbygt@mysql.com,Male,18.48.32.237
607,Bentley,De Angelo,bdeangelogu@harvard.edu,Male,206.52.227.62
608,Barclay,Firpi,bfirpigv@barnesandnoble.com,Male,124.116.219.123
609,Alvie,Lugton,alugtongw@oracle.com,Male,180.79.91.174
610,Debee,Zucker,dzuckergx@mapy.cz,Female,1.35.248.28
611,Arluene,Carlon,acarlongy@usda.gov,Female,35.181.9.216
612,Algernon,Hein,aheingz@gnu.org,Male,142.171.37.47
613,Molli,Robbert,mrobberth0@dell.com,Female,246.230.30.206
614,Huntington,Carmo,hcarmoh1@opera.com,Male,136.134.85.210
615,Willdon,Clausen,wclausenh2@netscape.com,Male,52.152.136.131
616,Christine,Caudrelier,ccaudrelierh3@youku.com,Female,236.233.249.120
617,Michele,Pues,mpuesh4@a8.net,Male,115.36.25.16
618,Magdalena,Pobjay,mpobjayh5@java.com,Female,200.171.251.211
619,Mari,Mengo,mmengoh6@networksolutions.com,Female,99.19.139.147
620,Kory,Cromer,kcromerh7@taobao.com,Male,172.224.55.9
621,Agosto,Eble,aebleh8@cnet.com,Male,177.151.145.212
622,Steve,Stening,ssteningh9@photobucket.com,Male,170.97.204.168
623,Karlee,Kubas,kkubasha@tamu.edu,Female,170.119.236.245
624,Jeremie,McGarrie,jmcgarriehb@state.gov,Male,66.205.224.211
625,Hobard,Rattery,hratteryhc@ow.ly,Male,130.181.82.94
626,Wildon,Goodlip,wgoodliphd@sun.com,Male,148.59.14.200
627,Berthe,Clemon,bclemonhe@liveinternet.ru,Female,23.77.176.165
628,Susanna,Hedden,sheddenhf@imgur.com,Female,61.135.81.229
629,Claudette,Poxson,cpoxsonhg@networksolutions.com,Female,134.51.81.59
630,Lindsey,Rudolfer,lrudolferhh@sogou.com,Male,155.160.243.166
631,Alyson,Vahl,avahlhi@yellowpages.com,Female,252.159.150.231
632,Normand,Colliar,ncolliarhj@newyorker.com,Male,5.235.50.106
633,Meir,Gadesby,mgadesbyhk@vistaprint.com,Male,58.111.225.171
634,Mirilla,Farnaby,mfarnabyhl@hc360.com,Female,20.243.245.113
635,Jobye,Alman,jalmanhm@skype.com,Female,31.138.180.13
636,Erma,Boat,eboathn@elegantthemes.com,Female,244.155.141.143
637,Bunni,Moralis,bmoralisho@google.com.br,Female,65.98.98.5
638,Lindsay,Arghent,larghenthp@zimbio.com,Female,174.94.212.140
639,Thelma,Stive,tstivehq@liveinternet.ru,Female,59.186.51.124
640,Alexandr,Causey,acauseyhr@wunderground.com,Male,195.222.84.167
641,Elmore,Orbon,eorbonhs@gizmodo.com,Male,46.139.254.213
642,Elie,Clarridge,eclarridgeht@buzzfeed.com,Female,231.132.102.225
643,Walther,Willows,wwillowshu@chicagotribune.com,Male,253.165.247.131
644,Franzen,McConaghy,fmcconaghyhv@wunderground.com,Male,128.118.125.254
645,Lois,Bolger,lbolgerhw@myspace.com,Female,141.249.43.182
646,Birch,Jervis,bjervishx@yandex.ru,Male,139.176.152.26
647,Beth,Halworth,bhalworthhy@histats.com,Female,54.197.190.12
648,Natty,Varney,nvarneyhz@discuz.net,Male,2.40.216.0
649,Kennan,Collinette,kcollinettei0@myspace.com,Male,101.85.243.74
650,Valentin,Baroch,vbarochi1@mlb.com,Male,171.183.139.130
651,Mallory,Gother,mgotheri2@youku.com,Male,137.35.125.101
652,Filmore,Czajka,fczajkai3@google.com,Male,203.18.182.126
653,Ky,Wetter,kwetteri4@mozilla.com,Male,2.107.142.66
654,Phillip,Cheverton,pchevertoni5@feedburner.com,Male,120.157.134.73
655,Michale,Songust,msongusti6@ebay.co.uk,Male,98.83.54.226
656,Kamillah,Larkins,klarkinsi7@unblog.fr,Female,183.214.20.102
657,Maryanne,Bletso,mbletsoi8@friendfeed.com,Female,245.145.242.92
658,Essie,Caulfield,ecaulfieldi9@a8.net,Female,18.59.173.234
659,Caspar,Keaysell,ckeaysellia@slashdot.org,Male,109.53.228.20
660,Raye,Tremontana,rtremontanaib@nifty.com,Female,88.101.128.101
661,Wanda,Lowndesbrough,wlowndesbroughic@google.fr,Female,217.241.121.48
662,Shalne,Bartolomeu,sbartolomeuid@unesco.org,Female,252.202.64.130
663,Dasie,Casse,dcasseie@amazon.de,Female,13.123.246.219
664,Milli,Winsom,mwinsomif@jimdo.com,Female,144.234.57.116
665,Vern,Meaney,vmeaneyig@360.cn,Male,165.69.198.228
666,Aguste,Clementi,aclementiih@weebly.com,Male,131.16.197.60
667,Toiboid,Sprakes,tsprakesii@ycombinator.com,Male,222.9.190.240
668,Willabella,Copelli,wcopelliij@tinyurl.com,Female,167.42.195.131
669,Ronica,Dachs,rdachsik@t-online.de,Female,100.90.137.222
670,Elfie,Vanichkov,evanichkovil@msn.com,Female,193.184.207.29
671,Gabie,Steptow,gsteptowim@nytimes.com,Male,166.196.202.173
672,Jori,Blurton,jblurtonin@diigo.com,Female,72.198.209.21
673,Burgess,Mugg,bmuggio@mozilla.com,Male,174.18.46.17
674,Maribeth,Littlekit,mlittlekitip@oakley.com,Female,144.68.73.168
675,Onofredo,Roman,oromaniq@un.org,Male,122.255.94.81
676,Sanderson,McVie,smcvieir@behance.net,Male,167.187.162.178
677,Jacintha,Waltho,jwalthois@51.la,Female,22.122.79.170
678,Harmonie,Gillhespy,hgillhespyit@google.com,Female,214.17.48.177
679,Bendick,Rankine,brankineiu@edublogs.org,Male,223.21.49.234
680,Krishna,Wagstaff,kwagstaffiv@jigsy.com,Male,201.210.228.247
681,Daphene,Pawfoot,dpawfootiw@elegantthemes.com,Female,160.40.210.186
682,Tobye,Llorente,tllorenteix@mapy.cz,Female,137.180.11.255
683,Mozelle,Doding,mdodingiy@surveymonkey.com,Female,71.159.89.157
684,Camile,Deverock,cdeverockiz@census.gov,Female,134.39.154.144
685,Ferrell,Fairley,ffairleyj0@pbs.org,Male,136.153.5.27
686,Bob,Witton,bwittonj1@sbwire.com,Male,77.196.70.54
687,Sydney,McWhinnie,smcwhinniej2@bizjournals.com,Female,18.58.18.33
688,Woodrow,Dust,wdustj3@virginia.edu,Male,78.10.162.121
689,Vince,Breem,vbreemj4@mapy.cz,Male,110.16.17.164
690,Tiff,Enser,tenserj5@meetup.com,Female,97.183.128.75
691,Babbie,Inch,binchj6@newyorker.com,Female,138.233.22.199
692,Korney,Brickham,kbrickhamj7@tinypic.com,Female,58.188.196.249
693,Ainslee,Kmiec,akmiecj8@mozilla.org,Female,44.122.207.12
694,Rakel,Sylvester,rsylvesterj9@parallels.com,Female,63.196.248.248
695,Brett,Regis,bregisja@ehow.com,Female,232.210.175.49
696,Lexie,Ugoni,lugonijb@ted.com,Female,204.160.38.15
697,Caralie,Cantillon,ccantillonjc@drupal.org,Female,27.30.127.27
698,Tailor,Terrazzo,tterrazzojd@cafepress.com,Male,133.176.157.99
699,Corabella,Emmert,cemmertje@smugmug.com,Female,238.14.46.214
700,Sergei,Orvis,sorvisjf@ted.com,Male,125.71.74.62
701,Merry,Ortet,mortetjg@bloglines.com,Female,8.225.43.82
702,Anni,Benduhn,abenduhnjh@multiply.com,Female,224.22.199.142
703,Tomasina,Kubach,tkubachji@lulu.com,Female,187.138.92.97
704,Ariadne,Tabourin,atabourinjj@privacy.gov.au,Female,252.252.207.190
705,Meridith,Longmire,mlongmirejk@ucoz.ru,Female,84.252.18.235
706,Filmore,Gandey,fgandeyjl@discuz.net,Male,18.142.35.231
707,Ado,Sandiford,asandifordjm@patch.com,Male,133.190.88.77
708,Thibaud,Tourry,ttourryjn@ow.ly,Male,73.112.125.92
709,Carmelle,Dehn,cdehnjo@homestead.com,Female,181.235.71.8
710,Novelia,Rossant,nrossantjp@phoca.cz,Female,15.215.150.45
711,Fredek,Benko,fbenkojq@craigslist.org,Male,86.3.19.139
712,Chrysler,Jinkins,cjinkinsjr@mlb.com,Female,200.147.17.130
713,Baxy,Alastair,balastairjs@cloudflare.com,Male,36.221.78.179
714,Donni,Fanstone,dfanstonejt@1688.com,Female,246.223.171.145
715,D'arcy,Worsall,dworsallju@msu.edu,Male,245.106.194.238
716,Heindrick,Camp,hcampjv@mlb.com,Male,51.51.101.160
717,Lane,Parsley,lparsleyjw@sourceforge.net,Male,90.222.16.194
718,Claudina,Ovitz,covitzjx@rakuten.co.jp,Female,183.132.189.244
719,Benjamin,Wyldes,bwyldesjy@accuweather.com,Male,109.237.74.25
720,Lynnette,Bushe,lbushejz@census.gov,Female,173.74.40.148
721,Micaela,Melbourn,mmelbournk0@google.ca,Female,83.249.211.74
722,Giulio,O'Kelly,gokellyk1@delicious.com,Male,128.162.119.212
723,Britney,Niset,bnisetk2@discuz.net,Female,215.70.75.183
724,Shanda,Garwood,sgarwoodk3@jugem.jp,Female,252.252.40.131
725,Etta,Lope,elopek4@squarespace.com,Female,245.2.188.233
726,Emelia,Regina,ereginak5@macromedia.com,Female,6.170.65.79
727,Grant,Flockhart,gflockhartk6@github.io,Male,203.196.203.34
728,Alyson,Scoon,ascoonk7@51.la,Female,29.233.215.137
729,Amanda,Lissandrini,alissandrinik8@ed.gov,Female,1.219.26.153
730,Happy,Greengrass,hgreengrassk9@state.gov,Female,151.16.27.190
731,Ophelie,Berkery,oberkeryka@sphinn.com,Female,175.92.138.235
732,Nester,Illston,nillstonkb@adobe.com,Male,43.71.54.32
733,Emylee,Smails,esmailskc@zimbio.com,Female,207.242.19.86
734,Hayden,Dionsetto,hdionsettokd@howstuffworks.com,Male,30.236.239.82
735,Sawyer,Hatrey,shatreyke@wisc.edu,Male,203.30.230.227
736,Sophi,McGray,smcgraykf@thetimes.co.uk,Female,9.56.57.15
737,Abbe,Wreiford,awreifordkg@behance.net,Male,139.162.18.143
738,Vanya,Eacle,veaclekh@upenn.edu,Female,33.200.245.49
739,Corbie,Janodet,cjanodetki@php.net,Male,173.2.100.194
740,Claybourne,Irving,cirvingkj@skype.com,Male,122.251.175.46
741,Mahalia,Krolik,mkrolikkk@hud.gov,Female,233.0.35.252
742,Harris,Serrels,hserrelskl@sphinn.com,Male,162.88.200.65
743,Lydia,Timny,ltimnykm@upenn.edu,Female,116.116.252.179
744,Rikki,Odda,roddakn@nymag.com,Female,226.31.130.90
745,Chrissy,Pettie,cpettieko@mayoclinic.com,Female,46.165.7.181
746,Ladonna,Dodsworth,ldodsworthkp@wunderground.com,Female,91.195.231.78
747,Raimundo,Pounsett,rpounsettkq@mapquest.com,Male,242.21.42.171
748,Fiorenze,Kirkby,fkirkbykr@vistaprint.com,Female,255.208.45.135
749,Vic,Carragher,vcarragherks@cocolog-nifty.com,Male,236.158.182.230
750,Cy,Bier,cbierkt@omniture.com,Male,226.196.31.134
751,Hartley,Blackway,hblackwayku@ted.com,Male,175.224.102.239
752,Hattie,Rizzetti,hrizzettikv@yahoo.com,Female,91.244.41.237
753,Guthrey,Gaydon,ggaydonkw@pinterest.com,Male,230.64.92.179
754,Gabby,Ivell,givellkx@independent.co.uk,Male,120.191.240.131
755,Leonore,Vaz,lvazky@irs.gov,Female,88.180.10.229
756,Alexine,Lowdeane,alowdeanekz@jiathis.com,Female,209.48.141.246
757,Esteban,Dybbe,edybbel0@pen.io,Male,153.221.43.216
758,Kenyon,Simonetto,ksimonettol1@fc2.com,Male,107.206.32.134
759,Humphrey,Shirer,hshirerl2@phoca.cz,Male,25.59.122.110
760,Hercule,Bartens,hbartensl3@naver.com,Male,176.41.232.247
761,Shurwood,Manifield,smanifieldl4@smh.com.au,Male,34.235.248.179
762,Reamonn,Edgerly,redgerlyl5@ucoz.com,Male,139.230.174.3
763,Angel,Egglestone,aegglestonel6@deviantart.com,Female,179.86.68.80
764,Wye,Seakes,wseakesl7@discuz.net,Male,10.46.66.194
765,Lesli,McPhelimy,lmcphelimyl8@sitemeter.com,Female,0.63.253.195
766,Berthe,Menichino,bmenichinol9@last.fm,Female,60.56.84.195
767,Errick,Shanahan,eshanahanla@theguardian.com,Male,167.138.136.62
768,Crichton,Siaspinski,csiaspinskilb@biglobe.ne.jp,Male,114.105.201.187
769,Charlotte,Lucy,clucylc@jiathis.com,Female,70.3.46.44
770,Orren,Kovacs,okovacsld@cbc.ca,Male,236.68.16.117
771,Myrwyn,Petrushkevich,mpetrushkevichle@wikimedia.org,Male,154.108.167.57
772,Frederich,Whordley,fwhordleylf@hubpages.com,Male,110.67.242.186
773,Honey,Jewks,hjewkslg@buzzfeed.com,Female,35.112.49.57
774,Valentine,Kivell,vkivelllh@mlb.com,Male,156.192.172.214
775,Brynn,Oakhill,boakhillli@gnu.org,Female,241.30.216.111
776,Reina,Byatt,rbyattlj@ustream.tv,Female,20.152.18.198
777,Jolie,Evenett,jevenettlk@virginia.edu,Female,160.193.26.9
778,Muire,Orkney,morkneyll@hubpages.com,Female,34.126.33.210
779,Stace,Eccleshare,secclesharelm@ebay.co.uk,Female,148.115.144.50
780,Ryley,Abbet,rabbetln@skyrock.com,Male,91.43.214.27
781,Derril,Sterre,dsterrelo@tinypic.com,Male,42.56.90.250
782,Melony,Bachura,mbachuralp@cnn.com,Female,62.63.107.165
783,Janean,De'Vere - Hunt,jdeverehuntlq@yandex.ru,Female,153.206.242.78
784,Julina,Olney,jolneylr@usgs.gov,Female,125.143.254.131
785,Jone,Reeve,jreevels@bravesites.com,Male,82.23.45.125
786,Marshal,Hawken,mhawkenlt@moonfruit.com,Male,71.65.172.245
787,Elston,Sives,esiveslu@ameblo.jp,Male,123.126.137.119
788,Abbi,Beddingham,abeddinghamlv@xing.com,Female,191.132.156.187
789,Natale,Benadette,nbenadettelw@booking.com,Male,126.74.111.165
790,Tedi,Allenson,tallensonlx@nbcnews.com,Female,94.115.53.7
791,Jori,Shwenn,jshwennly@wordpress.org,Female,82.157.215.78
792,Maighdiln,Durning,mdurninglz@list-manage.com,Female,65.168.215.86
793,Enrica,Castellaccio,ecastellacciom0@friendfeed.com,Female,155.84.143.198
794,Wiatt,Rumke,wrumkem1@histats.com,Male,214.8.158.219
795,Ginevra,Haylands,ghaylandsm2@opera.com,Female,197.173.88.66
796,Donia,Brimblecombe,dbrimblecombem3@nifty.com,Female,224.47.47.146
797,Shirl,Meekings,smeekingsm4@dedecms.com,Female,134.200.175.62
798,Wenonah,Oherlihy,woherlihym5@va.gov,Female,128.236.148.169
799,Joya,Hares,jharesm6@vkontakte.ru,Female,232.39.68.25
800,Rowena,Strute,rstrutem7@rakuten.co.jp,Female,6.63.50.68
801,Wendi,Arger,wargerm8@symantec.com,Female,115.164.28.151
802,Zacharias,Keaveny,zkeavenym9@telegraph.co.uk,Male,246.184.203.253
803,Christal,Toderbrugge,ctoderbruggema@cyberchimps.com,Female,8.188.137.58
804,Barbe,McLeman,bmclemanmb@typepad.com,Female,128.225.237.178
805,Branden,Meadows,bmeadowsmc@clickbank.net,Male,90.117.6.63
806,Lyndsay,Hollier,lholliermd@marketwatch.com,Female,1.15.216.21
807,Riordan,Yoseloff,ryoseloffme@virginia.edu,Male,220.86.0.148
808,Earvin,Wallwood,ewallwoodmf@cargocollective.com,Male,5.143.170.63
809,Fidela,Cocker,fcockermg@miibeian.gov.cn,Female,143.193.81.50
810,Raleigh,Horrell,rhorrellmh@yellowpages.com,Male,204.207.90.149
811,Stanwood,Abram,sabrammi@cloudflare.com,Male,68.195.71.210
812,Werner,Whitlaw,wwhitlawmj@xrea.com,Male,53.95.121.13
813,Kristina,Hurles,khurlesmk@google.es,Female,70.186.171.201
814,Dody,Carletto,dcarlettoml@uiuc.edu,Female,105.151.82.120
815,Staford,Saing,ssaingmm@amazon.co.jp,Male,195.226.136.191
816,Melesa,Mottinelli,mmottinellimn@reference.com,Female,195.65.117.86
817,Bernardine,Eaden,beadenmo@time.com,Female,44.18.163.156
818,Jay,Goodfellow,jgoodfellowmp@theatlantic.com,Male,147.198.29.253
819,Granthem,Gaughan,ggaughanmq@cargocollective.com,Male,119.88.65.112
820,Cindra,Feavers,cfeaversmr@princeton.edu,Female,27.183.108.172
821,Lothario,Dollen,ldollenms@elpais.com,Male,145.236.113.204
822,Terri,Trump,ttrumpmt@newsvine.com,Male,252.65.228.143
823,Jan,Chilley,jchilleymu@smh.com.au,Male,85.107.23.188
824,Annecorinne,Tomasik,atomasikmv@forbes.com,Female,171.73.198.31
825,Chad,Gleadhall,cgleadhallmw@psu.edu,Female,238.47.93.76
826,Loraine,McPartling,lmcpartlingmx@4shared.com,Female,22.53.220.36
827,Karyn,Cumine,kcuminemy@theatlantic.com,Female,184.130.163.195
828,Bernette,Alenichev,balenichevmz@t-online.de,Female,6.198.253.10
829,Frieda,Le Lievre,flelievren0@prnewswire.com,Female,125.235.50.253
830,Astrid,Castro,acastron1@usgs.gov,Female,105.166.175.41
831,Marybelle,Mainston,mmainstonn2@fema.gov,Female,137.240.184.32
832,Toby,Lyokhin,tlyokhinn3@eepurl.com,Male,208.3.80.51
833,Raquel,Swyne,rswynen4@vimeo.com,Female,85.145.48.172
834,Paquito,Verissimo,pverissimon5@marriott.com,Male,242.227.189.29
835,Jarrad,Doghartie,jdoghartien6@wisc.edu,Male,203.163.207.118
836,Lockwood,Teasdale-Markie,lteasdalemarkien7@last.fm,Male,43.3.110.184
837,Charis,Meanwell,cmeanwelln8@ebay.co.uk,Female,236.59.52.66
838,Virge,Cramond,vcramondn9@technorati.com,Male,122.91.254.29
839,Armstrong,Martinyuk,amartinyukna@netvibes.com,Male,189.172.191.180
840,Kristin,Bloomfield,kbloomfieldnb@telegraph.co.uk,Female,144.253.226.52
841,Nate,Bowker,nbowkernc@list-manage.com,Male,100.179.145.89
842,Beck,Spreull,bspreullnd@chron.com,Male,9.23.139.8
843,Tatiania,Dackombe,tdackombene@google.it,Female,223.73.165.135
844,Gilberto,Devenish,gdevenishnf@yale.edu,Male,49.82.72.60
845,Matthias,Maddicks,mmaddicksng@simplemachines.org,Male,24.246.77.179
846,Min,Hurford,mhurfordnh@google.ru,Female,45.242.164.189
847,Biddie,Pacht,bpachtni@abc.net.au,Female,244.202.214.150
848,Janene,Borrott,jborrottnj@surveymonkey.com,Female,253.56.143.195
849,Theo,Pavlenko,tpavlenkonk@lycos.com,Male,129.108.233.97
850,Asia,Full,afullnl@unc.edu,Female,142.104.242.204
851,Ximenes,Nulty,xnultynm@blinklist.com,Male,97.151.5.104
852,Veronika,Jolland,vjollandnn@amazon.co.uk,Female,187.54.197.231
853,Raff,Crallan,rcrallanno@mysql.com,Male,157.195.253.79
854,Vaughn,Rogans,vrogansnp@is.gd,Male,214.154.34.119
855,Helga,Uzelli,huzellinq@army.mil,Female,17.61.134.192
856,Lacee,Edmeads,ledmeadsnr@fotki.com,Female,43.31.99.122
857,Fernando,Vaudrey,fvaudreyns@cmu.edu,Male,90.244.250.175
858,Shelton,Harvard,sharvardnt@nps.gov,Male,115.225.36.17
859,Kelby,Girardin,kgirardinnu@odnoklassniki.ru,Male,61.10.230.103
860,Terra,Pantry,tpantrynv@china.com.cn,Female,198.168.178.124
861,Raven,Masterton,rmastertonnw@feedburner.com,Female,104.208.111.59
862,Durward,Ginnane,dginnanenx@wikispaces.com,Male,206.165.26.16
863,Thor,Farrin,tfarrinny@vinaora.com,Male,49.79.86.232
864,Greta,Akerman,gakermannz@wired.com,Female,231.206.188.218
865,Myron,Plampin,mplampino0@miitbeian.gov.cn,Male,255.137.70.20
866,Cecilla,Yerlett,cyerletto1@stanford.edu,Female,58.126.30.211
867,Riordan,Youd,ryoudo2@vimeo.com,Male,28.165.186.38
868,Rawley,Merrilees,rmerrileeso3@shareasale.com,Male,60.175.1.183
869,Melva,Buche,mbucheo4@google.es,Female,89.54.88.121
870,Buddy,Denge,bdengeo5@elpais.com,Male,74.149.59.237
871,Jemima,Burnham,jburnhamo6@tmall.com,Female,34.131.140.43
872,Rance,Peotz,rpeotzo7@tinyurl.com,Male,150.79.110.243
873,Gil,Donavan,gdonavano8@hhs.gov,Male,177.221.33.71
874,Neils,Lyddyard,nlyddyardo9@cbc.ca,Male,99.231.210.39
875,Cliff,Rhymer,crhymeroa@weibo.com,Male,151.108.40.226
876,Mordy,Alfonsini,malfonsiniob@pen.io,Male,146.196.243.191
877,Ted,Antonietti,tantoniettioc@geocities.com,Female,87.175.143.92
878,Anatol,Columbine,acolumbineod@ed.gov,Male,209.72.178.69
879,Immanuel,Battisson,ibattissonoe@wordpress.org,Male,89.119.173.138
880,Elianore,Ashbee,eashbeeof@time.com,Female,92.247.228.39
881,Savina,Ride,srideog@multiply.com,Female,57.108.185.238
882,Trixi,Slafford,tslaffordoh@omniture.com,Female,242.196.22.168
883,Nannie,MacIlraith,nmacilraithoi@nih.gov,Female,100.73.230.243
884,Thaxter,Lowrie,tlowrieoj@theguardian.com,Male,196.22.252.148
885,Nicolai,Durnford,ndurnfordok@whitehouse.gov,Male,64.65.234.104
886,Roger,Upwood,rupwoodol@jalbum.net,Male,203.18.83.11
887,Terrel,O'Fihily,tofihilyom@ted.com,Male,35.98.73.100
888,Benny,Whitham,bwhithamon@yolasite.com,Female,138.69.172.191
889,Corty,Knibley,cknibleyoo@china.com.cn,Male,135.217.211.152
890,Iolande,Devey,ideveyop@upenn.edu,Female,112.93.48.110
891,Armand,Deighan,adeighanoq@nasa.gov,Male,236.31.191.106
892,Reilly,Imlacke,rimlackeor@seesaa.net,Male,152.29.35.149
893,Dorris,McWhannel,dmcwhannelos@cdc.gov,Female,118.217.155.19
894,Jannel,Belfield,jbelfieldot@exblog.jp,Female,140.194.88.139
895,Olympe,Cudmore,ocudmoreou@unblog.fr,Female,245.220.61.127
896,Matthus,Minogue,mminogueov@washington.edu,Male,90.122.31.43
897,Arielle,Morfey,amorfeyow@yolasite.com,Female,52.234.117.155
898,Cesaro,Grocott,cgrocottox@ihg.com,Male,96.227.30.0
899,Cristian,Harhoff,charhoffoy@freewebs.com,Male,171.89.106.196
900,Harmonia,Lynskey,hlynskeyoz@ask.com,Female,22.33.252.170
901,Sigrid,Hiland,shilandp0@tuttocitta.it,Female,83.162.89.208
902,Lydon,MacTimpany,lmactimpanyp1@nature.com,Male,163.183.176.90
903,Forster,Kleis,fkleisp2@amazonaws.com,Male,65.146.192.169
904,Stacey,Ferrettino,sferrettinop3@gizmodo.com,Female,172.72.123.1
905,Mariann,Le Friec,mlefriecp4@psu.edu,Female,112.125.77.239
906,Bobbee,Russan,brussanp5@cafepress.com,Female,58.78.185.40
907,Cordy,Pardal,cpardalp6@nymag.com,Male,169.128.246.40
908,Charmian,Jerger,cjergerp7@si.edu,Female,121.187.95.210
909,Brett,Whitcomb,bwhitcombp8@wufoo.com,Female,151.165.11.170
910,Malinda,Dickerson,mdickersonp9@about.com,Female,205.160.157.204
911,Fidole,Donisthorpe,fdonisthorpepa@tiny.cc,Male,125.197.63.212
912,Chance,Hadfield,chadfieldpb@ucoz.ru,Male,218.178.205.66
913,Erma,Garred,egarredpc@utexas.edu,Female,118.214.3.235
914,Gilles,Dilke,gdilkepd@walmart.com,Male,131.125.81.63
915,Janie,Birch,jbirchpe@fotki.com,Female,141.0.110.106
916,Pattin,Bagot,pbagotpf@cafepress.com,Male,140.211.83.55
917,Paula,Bikker,pbikkerpg@state.gov,Female,99.119.74.162
918,Walt,Robel,wrobelph@scientificamerican.com,Male,242.53.239.223
919,Mikel,Skune,mskunepi@nps.gov,Male,54.60.236.92
920,Gwyn,Wark,gwarkpj@squidoo.com,Female,154.208.124.237
921,Gabriele,Lenney,glenneypk@behance.net,Male,27.185.231.192
922,Georgianne,Cockman,gcockmanpl@oakley.com,Female,164.159.149.107
923,Ellis,Rooze,eroozepm@microsoft.com,Male,105.95.40.160
924,Enid,Stobo,estobopn@quantcast.com,Female,190.113.22.11
925,Elie,Aylesbury,eaylesburypo@harvard.edu,Female,111.144.99.84
926,Staford,Christoforou,schristoforoupp@list-manage.com,Male,207.135.245.135
927,Wilhelmina,Busher,wbusherpq@nytimes.com,Female,156.17.234.18
928,Zsazsa,Shellcross,zshellcrosspr@tuttocitta.it,Female,239.142.44.242
929,Camilla,Brangan,cbranganps@google.com,Female,184.208.74.76
930,Skipper,Laban,slabanpt@mayoclinic.com,Male,10.88.47.61
931,Coriss,Hinckes,chinckespu@scientificamerican.com,Female,19.184.0.84
932,Brice,Abbie,babbiepv@google.nl,Male,123.178.40.142
933,Kenton,Mourant,kmourantpw@skyrock.com,Male,4.193.78.87
934,Halie,Biernat,hbiernatpx@google.co.jp,Female,169.105.51.226
935,Alfy,Vlasenkov,avlasenkovpy@utexas.edu,Male,234.249.44.85
936,Rhea,Easterfield,reasterfieldpz@cbslocal.com,Female,157.248.8.202
937,Hussein,Cuvley,hcuvleyq0@loc.gov,Male,219.30.61.58
938,Sada,Bounds,sboundsq1@digg.com,Female,113.177.150.226
939,Amalee,Borthe,abortheq2@pen.io,Female,205.123.18.21
940,Jarvis,Safhill,jsafhillq3@shinystat.com,Male,164.255.61.6
941,Cindelyn,Gimbrett,cgimbrettq4@163.com,Female,129.193.232.35
942,Aile,Bartelli,abartelliq5@weibo.com,Female,211.45.209.243
943,Heinrick,Guirard,hguirardq6@github.com,Male,74.118.229.114
944,Virgilio,McKinstry,vmckinstryq7@gmpg.org,Male,231.247.91.12
945,Guthrie,McWhannel,gmcwhannelq8@google.ca,Male,240.114.72.169
946,Sarette,Baldocci,sbaldocciq9@nyu.edu,Female,172.195.72.177
947,Meggie,Coomber,mcoomberqa@independent.co.uk,Female,214.165.51.76
948,Helen,Teresia,hteresiaqb@google.co.jp,Female,125.29.252.97
949,Valina,Hempel,vhempelqc@ifeng.com,Female,139.58.120.193
950,Davie,Enston,denstonqd@histats.com,Male,143.173.78.30
951,Dniren,Verrico,dverricoqe@ifeng.com,Female,136.189.239.52
952,Janette,Castro,jcastroqf@cbc.ca,Female,125.129.36.63
953,Leon,Vassie,lvassieqg@comcast.net,Male,111.121.11.165
954,Alvy,Farquar,afarquarqh@princeton.edu,Male,10.151.29.63
955,Randi,Jankovic,rjankovicqi@engadget.com,Male,211.22.236.95
956,Kelsey,Bellsham,kbellshamqj@amazonaws.com,Female,60.64.206.10
957,Cristie,Brydell,cbrydellqk@com.com,Female,67.214.21.233
958,Julianna,Gobert,jgobertql@huffingtonpost.com,Female,48.77.223.185
959,Trudey,Gray,tgrayqm@economist.com,Female,245.206.24.37
960,Gerianne,Gammidge,ggammidgeqn@list-manage.com,Female,43.223.151.162
961,Locke,Spours,lspoursqo@epa.gov,Male,128.48.113.170
962,Dolly,Iffland,difflandqp@moonfruit.com,Female,172.74.17.25
963,Desi,Fleisch,dfleischqq@domainmarket.com,Male,153.20.1.191
964,Gunther,Trotman,gtrotmanqr@census.gov,Male,228.186.36.41
965,Alden,Bradder,abradderqs@gmpg.org,Male,229.39.15.50
966,Vitoria,Stanyer,vstanyerqt@cbslocal.com,Female,104.30.235.131
967,Milissent,Griffitts,mgriffittsqu@google.ru,Female,5.78.22.214
968,Hedda,Milbourn,hmilbournqv@disqus.com,Female,172.97.5.120
969,Vinny,Golightly,vgolightlyqw@issuu.com,Female,29.3.26.177
970,Chucho,Colegrove,ccolegroveqx@techcrunch.com,Male,248.227.159.102
971,Terry,Harrold,tharroldqy@dropbox.com,Male,8.145.93.217
972,Shalna,Francescone,sfrancesconeqz@kickstarter.com,Female,27.81.61.99
973,Putnem,O'Suaird,posuairdr0@google.pl,Male,18.98.162.158
974,Hillie,Brittin,hbrittinr1@google.ca,Male,243.45.230.5
975,Asia,Claussen,aclaussenr2@craigslist.org,Female,5.32.176.187
976,Hulda,Penticost,hpenticostr3@is.gd,Female,96.224.130.91
977,Jany,Cattel,jcattelr4@ebay.com,Female,213.180.45.55
978,Mela,Hinz,mhinzr5@wunderground.com,Female,137.151.88.173
979,Wait,Beneze,wbenezer6@wisc.edu,Male,2.83.162.161
980,Kerianne,Lewson,klewsonr7@cbslocal.com,Female,5.72.11.132
981,Tabatha,Vickars,tvickarsr8@ow.ly,Female,35.138.252.247
982,Hamid,Tantrum,htantrumr9@pbs.org,Male,89.218.147.145
983,Delbert,Medhurst,dmedhurstra@umn.edu,Male,145.96.209.73
984,Philip,Madoc-Jones,pmadocjonesrb@elpais.com,Male,171.95.106.144
985,Maybelle,Downie,mdownierc@google.pl,Female,40.215.164.63
986,Susann,Faulks,sfaulksrd@bbc.co.uk,Female,184.134.126.160
987,Kessia,Bedrosian,kbedrosianre@desdev.cn,Female,249.148.212.160
988,Nolly,Fazan,nfazanrf@psu.edu,Male,158.104.149.146
989,Aloysius,Braid,abraidrg@printfriendly.com,Male,128.148.244.17
990,Jenny,Francescuzzi,jfrancescuzzirh@reverbnation.com,Female,243.238.71.48
991,Kylie,Bealing,kbealingri@theglobeandmail.com,Male,246.141.43.25
992,Shep,Youings,syouingsrj@ustream.tv,Male,79.255.120.190
993,Billie,Roggers,broggersrk@friendfeed.com,Female,149.40.157.255
994,Katrinka,Shorten,kshortenrl@twitpic.com,Female,25.122.106.245
995,Art,Formby,aformbyrm@a8.net,Male,134.39.159.78
996,Darrelle,Dunley,ddunleyrn@illinois.edu,Female,30.71.49.84
997,Berenice,Boncore,bboncorero@phoca.cz,Female,242.73.28.124
998,Shoshana,Cunningham,scunninghamrp@nps.gov,Female,155.248.17.48
999,Roarke,Filde,rfilderq@liveinternet.ru,Male,242.152.199.85
1000,Constanta,Pherps,cpherpsrr@illinois.edu,Female,230.126.53.120
